<?xml version="1.0"?>
<conversation>
	<useText useText="Why would I use Valdis?" />
	<lookText lookText="That's Valdis." />
	<text character="Ulfr" disabled="false" default="false" say="How can she sleep through this ruckus?" timer="2.4" turned="true" />
	<text character="Valdis" disabled="false" default="false" disablePrevious="" say="Who, Brynja?" timer="2.0" turned="false" />
	<text character="Valdis" disabled="false" default="false" say="Oh, she could sleep through anything." timer="2.4" />
	<text character="Valdis" say="Almost anything." timer="1.8" default="false" disabled="false" />
	<text character="Ulfr" say="Hey Valdis!" timer="1.5" default="true" disabled="true" turned="true" />
	<text character="Valdis" say="Hey Ulfr!" timer="1.5" default="true" disabled="true" turned="false" />
	<option_container disabled="false">
		<option disabled="true" choice_text="Just some water?">
			<text character="Ulfr" disablePrevious="false" timer="2.0" say="Just some water?" turned="true" />
			<text character="Valdis" say="It might have been a bit more." timer="2.4" default="" turned="false" />
			<text character="Valdis" say="Like a bucket full." timer="1.8" />
			<text />
			<text character="Valdis" say="Still an accident, I swear." timer="2.0" turned="false" />
			<text character="Ulfr" say="...sure." timer="1.5" turned="true" />
			<text character="Valdis" say="" timer="1.4" turned="false" />
			<text character="Valdis" say="She was snoring, alright?" timer="2.0" />
			<text character="Valdis" say="Give me a break." timer="2.0" disablePrevious="true" />
			<gotoContainer />
		</option>
		<option disabled="true" disablePrevious="false" choice_text="Have you seen Adal's map?">
			<text character="Ulfr" disablePrevious="false" timer="1.5" say="Hey Valdis." turned="true" />
			<text character="Ulfr" say="Have you seen Adal's map?" timer="2.2" />
			<text character="Valdis" say="A map?" timer="1.8" turned="false" />
			<text character="Valdis" say="I'm not sure." timer="2.2" />
			<text character="Valdis" say="But i did see Brynja playing with a piece of paper earlier..." timer="3.5" />
			<text character="Valdis" say="Perhaps that was it?" timer="2.4" />
			<text character="Ulfr" say="It must have been!" timer="2.2" turned="true" />
			<text character="Ulfr" say="Thank you, Valdis." timer="2.0" />
			<text character="Ulfr" say="" timer="1.4" />
			<text character="Ulfr" say="Oh crap." timer="1.5" />
			<text character="Ulfr" say="That means I have to wake her up." timer="2.5" />
			<text character="Valdis" say="Yeah, right." timer="2.0" turned="false" />
			<text character="Valdis" say="Like you could do that." timer="2.4" />
			<text character="Ulfr" say="" timer="1.4" turned="true" />
			<text character="Ulfr" say="Well, I have to try." timer="2.0" disablePrevious="true" />
			<gotoContainer />
		</option>
		<option disabled="false" disablePrevious="false" choice_text="Almost anything?">
			<text character="Ulfr" timer="2.0" say="Almost anything?" turned="true" />
			<text character="Valdis" say="Well i once spilled some water on her." default="" timer="2.4" turned="false" />
			<text character="Valdis" say="Accidentally" timer="1.7" />
			<text character="Valdis" enable="Just some water?" say="That sure woke her up." timer="2.0" disablePrevious="true" />
			<gotoContainer />
		</option>
		<option disabled="false" disablePrevious="false" choice_text="Great I'll see you later.">
			<stopConversation />
		</option>
		<stopOption />
	</option_container>
	<mall info="Endast Mall Efter Detta!" disabled="true">
		<useText useText="Why would I use Brandr?" />
		<lookText lookText="That's Brandr" />
		<text character="Ulfr" default="false" disabled="false" disablePrevious="false" turned="true" timer="2.2" say="hej" />
		<text character="Brandr" disablePrevious="false" timer="" say="DUrr" />
		<text character="Valdis" />
		<text character="Alfr" />
		<text character="Brynja" />
		<text character="Dagny" />
		<text character="Finnr" />
		<text character="Guard" />
		<text character="Leifr" />
		<text character="Mailman" />
		<text character="Miner" />
		<text character="Priest" />
		<text character="Princess" />
		<text character="Valdis" />
		<text character="Yngvarr" />
		<option_container disabled="false">
			<option disabled="false" choice_text="do you even?">
				<text character="Brandr" disablePrevious="false" timer="3.3" say="hej!" />
				<option_container disabled="false">
					<option disabled="false" disablePrevious="false" choice_text="What do you want!?">
						<text character="Ulfr" disablePrevious="false" timer="2.5" say="durr" />
						<text character="Brandr" disablePrevious="false" timer="2.4" say="murh" />
						<option_container disabled="false">
							<option disabled="false" disablePrevious="true" choice_text="Disable Previous">
								<text character="Ulfr" disablePrevious="false" timer="2.4" say="Disable Previous" />
								<gotoBaseContainer />
							</option>
							<stopOption />
						</option_container>
					</option>
					<option disabled="false" disablePrevious="false" choice_text="back">
						<gotoBaseContainer />
					</option>
					<stopOption />
				</option_container>
			</option>
			<option disabled="false" disablePrevious="false" choice_text="NOPE">
				<text character="Ulfr" disablePrevious="false" timer="2.5" say="NUHU">!</text>
				<option_container disabled="false">
					<option disabled="false" disablePrevious="false" choice_text="durr">
						<text character="Brandr" disablePrevious="false" timer="2.5" say="disable" />
						<gotoContainer />
					</option>
					<option disabled="false" disablePrevious="false" choice_text="back">
						<gotoBaseContainer />
					</option>
					<stopOption />
				</option_container>
			</option>
			<option disabled="false" disablePrevious="false" choice_text="jimmie had a little farm that was brown and red and green, why was it brown and red and green?">
				<text character="Brandr" disablePrevious="true" timer="3.3" say="Never Happened" />
				<gotoContainer />
			</option>
			<option disabled="false" disablePrevious="true" choice_text="exit conversation">
				<stopConversation />
			</option>
			<stopOption />
		</option_container>
		<option_container disabled="true">
			<option disabled="false" disablePrevious="false" choice_text="hello">
				<text character="Ulfr" disablePrevious="false" timer="2.5" say="hello" />
				<text character="Brandr" disablePrevious="true" timer="2.5" say="hi!" />
				<gotoContainer />
			</option>
			<stopOption />
		</option_container>
	</mall>
</conversation>
