<?xml version="1.0"?>
<conversation>
	<useText useText="Why would anyone want to use Him?" />
	<lookText lookText="Seems like they are fighting over something." />
	<text character="Brandr" say="This was supposed to be the way." timer="3.5" turned="false"></text>
	<text character="Brandr" say="My father said so." timer="2.0"></text>
	<text character="Yngvarr" say="Maybe the map was wrong." timer="2.3" turned="true"></text>
	<text character="Brandr" say="How could it be so!?" timer="2.5" turned="true"></text>
	<text character="Brandr" say="Are you  questioning Adal!?" timer="2.5"></text>
	<text character="Brandr" say="Me?" timer="1.5"></text>
	<text character="Yngvarr" say="No, no! Of course not Brandr." timer="2.5" turned="false"></text>
	<text character="Yngvarr" say="It's just... maybe it got smudged?" timer="2.6"></text>
	<text character="Brandr" say="Smudged?" timer="2.3" default="true" turned="true"></text>
	<text character="Brandr" say="SMUDGED!?" timer="1.9"></text>
	<text character="Brandr" say="You idiot!" timer="2.0"></text>
	<text character="Brandr" say="Bring it to me." timer="2.1" turned="false"></text>
	<text character="Brandr" say="Now." timer="1.5"></text>
	<text character="Yngvarr" say="Uh..." timer="2.1"></text>
	<text character="Yngvarr" say="Bring what?" timer="1.8"></text>
	<text timer="1.2"></text>
	<text character="Brandr" say="My father's map!" timer="2.3" turned="true"></text>
	
	<stopConversation />
	
	<mall info="Endast Mall Efter Detta!" disabled="true">
		<useText useText="Why would I use Brandr?" />
		<lookText lookText="That's Brandr" />
		<text character="Ulfr" default="false" disabled="false" disablePrevious="false" turned="true" timer="2.2" say="hej" />
		<text character="Brandr" disablePrevious="false" timer="" say="DUrr" />
		<text character="Valdis" />
		<text character="Alfr" />
		<text character="Brynja" />
		<text character="Dagny" />
		<text character="Finnr" />
		<text character="Guard" />
		<text character="Leifr" />
		<text character="Mailman" />
		<text character="Miner" />
		<text character="Priest" />
		<text character="Princess" />
		<text character="Valdis" />
		<text character="Yngvarr" />
		
		<option_container disabled="false">
			<option disabled="false" choice_text="do you even?">
				<text character="Brandr" disablePrevious="false" timer="3.3" say="hej!" />
				<option_container disabled="false">
					<option disabled="false" disablePrevious="false" choice_text="What do you want!?">
						<text character="Ulfr" disablePrevious="false" timer="2.5" say="durr" />
						<text character="Brandr" disablePrevious="false" timer="2.4" say="murh" />
						<option_container disabled="false">
							<option disabled="false" disablePrevious="true" choice_text="Disable Previous">
								<text character="Ulfr" disablePrevious="false" timer="2.4" say="Disable Previous" />
								<gotoBaseContainer />
							</option>
							<stopOption />
						</option_container>
					</option>
					<option disabled="false" disablePrevious="false" choice_text="back">
						<gotoBaseContainer />
					</option>
					<stopOption />
				</option_container>
			</option>
			<option disabled="false" disablePrevious="false" choice_text="NOPE">
				<text character="Ulfr" disablePrevious="false" timer="2.5" say="NUHU">!</text>
				<option_container disabled="false">
					<option disabled="false" disablePrevious="false" choice_text="durr">
						<text character="Brandr" disablePrevious="false" timer="2.5" say="disable" />
						<gotoContainer />
					</option>
					<option disabled="false" disablePrevious="false" choice_text="back">
						<gotoBaseContainer />
					</option>
					<stopOption />
				</option_container>
			</option>
			<option disabled="false" disablePrevious="false" choice_text="jimmie had a little farm that was brown and red and green, why was it brown and red and green?">
				<text character="Brandr" disablePrevious="true" timer="3.3" say="Never Happened" />
				<gotoContainer />
			</option>
			<option disabled="false" disablePrevious="true" choice_text="exit conversation">
				<stopConversation />
			</option>
			<stopOption />
		</option_container>
		<option_container disabled="true">
			<option disabled="false" disablePrevious="false" choice_text="hello">
				<text character="Ulfr" disablePrevious="false" timer="2.5" say="hello" />
				<text character="Brandr" disablePrevious="true" timer="2.5" say="hi!" />
				<gotoContainer />
			</option>
			<stopOption />
		</option_container>
	</mall>
</conversation>
