<?xml version="1.0"?>
<conversation>
	<useText useText="Why would I use Dagny?" />
	<lookText lookText="She looks disappointed." />
	<text character="Ulfr" timer="0.1" turned="true"></text>
	<text character="Dagny" disabled="false" default="false" say="I expected it to be..." timer="2.2"  turned="true"/>
	<text character="Dagny" disabled="false" default="false" disablePrevious="" say="I don't know" timer="1.6" />
	<text character="Dagny" disabled="false" default="false" disablePrevious="" say="More grand, perhaps?" timer="2.0" />
	<text character="Ulfr" disabled="false" default="false" say="I mean..." timer="2.0"  turned="false"/>
	<text character="Ulfr" disabled="false" default="false" say="it's a country like any other" timer="2.2" />
	<text character="Dagny" disabled="false" default="false" say="Just thought it'd be more exciting." timer="2.4"  turned="true"/>
	<text character="Dagny" say="Like," timer="1.5" disabled="false" default="false"></text>
	<text character="Dagny" say="a hundred men with axes running towards us when we dock," timer="3.5" default="false" disabled="false"></text>
	<text character="Dagny" say="and us (me) slaying them with intense hatred." timer="3.0" disabled="false" default="false"></text>
	<text character="Ulfr" say="..." timer="1.5" disabled="false" default="false" turned="false"></text>
	<text character="Ulfr" say="Well, I'm..." timer="2.0" default="false" disabled="false"></text>
	<text character="Ulfr" say="...I'm sorry you're dissapointed." default="false" disabled="false" timer="2.4"></text>
	<text character="Ulfr" default="true" disabled="true" say="Hey Dagny!" timer="1.5"></text>
	<text character="Dagny" default="true" disabled="true" say="uh-huh" timer="1.5"></text>
	
	<stopConversation />
	<mall info="Endast Mall Efter Detta!" disabled="true">
		<useText useText="Why would I use Brandr?" />
		<lookText lookText="That's Brandr" />
		<text character="Ulfr" default="false" disabled="false" turnedPlayer="true" disablePrevious="false" turned="true" timer="2.2" say="hej" />
		<text character="Brandr" disablePrevious="false" turnedPlayer="false" timer="" say="DUrr" />
		<text character="Valdis" />
		<text character="Alfr" />
		<text character="Brynja" />
		<text character="Dagny" />
		<text character="Finnr" />
		<text character="Guard" />
		<text character="Leifr" />
		<text character="Mailman" />
		<text character="Miner" />
		<text character="Priest" />
		<text character="Princess" />
		<text character="Valdis" />
		<text character="Yngvarr" />
		
		<option_container disabled="false">
			<option disabled="false" choice_text="do you even?">
				<text character="Brandr" disablePrevious="false" timer="3.3" say="hej!" />
				<option_container disabled="false">
					<option disabled="false" disablePrevious="false" choice_text="What do you want!?">
						<text character="Ulfr" disablePrevious="false" timer="2.5" say="durr" />
						<text character="Brandr" disablePrevious="false" timer="2.4" say="murh" />
						<option_container disabled="false">
							<option disabled="false" disablePrevious="true" choice_text="Disable Previous">
								<text character="Ulfr" disablePrevious="false" timer="2.4" say="Disable Previous" />
								<gotoBaseContainer />
							</option>
							<stopOption />
						</option_container>
					</option>
					<option disabled="false" disablePrevious="false" choice_text="back">
						<gotoBaseContainer />
					</option>
					<stopOption />
				</option_container>
			</option>
			<option disabled="false" disablePrevious="false" choice_text="NOPE">
				<text character="Ulfr" disablePrevious="false" timer="2.5" say="NUHU">!</text>
				<option_container disabled="false">
					<option disabled="false" disablePrevious="false" choice_text="durr">
						<text character="Brandr" disablePrevious="false" timer="2.5" say="disable" />
						<gotoContainer />
					</option>
					<option disabled="false" disablePrevious="false" choice_text="back">
						<gotoBaseContainer />
					</option>
					<stopOption />
				</option_container>
			</option>
			<option disabled="false" disablePrevious="false" choice_text="jimmie had a little farm that was brown and red and green, why was it brown and red and green?">
				<text character="Brandr" disablePrevious="true" timer="3.3" say="Never Happened" />
				<gotoContainer />
			</option>
			<option disabled="false" disablePrevious="true" choice_text="exit conversation">
				<stopConversation />
			</option>
			<stopOption />
		</option_container>
		<option_container disabled="true">
			<option disabled="false" disablePrevious="false" choice_text="hello">
				<text character="Ulfr" disablePrevious="false" timer="2.5" say="hello" />
				<text character="Brandr" disablePrevious="true" timer="2.5" say="hi!" />
				<gotoContainer />
			</option>
			<stopOption />
		</option_container>
	</mall>
</conversation>
