<?xml version="1.0"?>
<conversation>
	<useText useText="Why would I use Valdir?" />
	<lookText lookText="That's Valdir" />
	<text character="Ulfr" disabled="false" default="false" say="How can she sleep through this ruckus?" timer="2.0" />
	<text character="Valdis" disabled="false" default="false" disablePrevious="" say="WHo, Brynja?" timer="1.4" />
	<text character="Valdis" disabled="false" default="false" disablePrevious="" say="Oh, she could sleep through anything." timer="2.2" />
	<text character="Valdis" disabled="false" default="false" say="Almost anything." timer="1.6" />
	<text character="Ulfr" disabled="true" default="true" say="Hey Valdis!" timer="1.6" />
	<text character="Valdis" disabled="true" default="true" say="Hey Ulfr!" timer="1.6" />
	<option_container disabled="false">
		<option choice_text="Just some water?" disabled="true">
			<text character="Ulfr" disablePrevious="false" say="Just some water?" timer="1.2" />
			<text character="Valdis" say="It might have been a bit more." timer="2.2" />
			<text character="Valdis" say="Like a bucket full." timer="1.2" />
			<text character="Valdis" say="..." timer="0.8" />
			<text character="Valdis" say="Still an accident, I swear." timer="1.2" />
			<text character="Ulfr" say="…sure." timer="1.0" />
			<text character="Valdis" say="…" timer="0.5" />
			<text character="Valdis" say="She was snoring, alright?" timer="1.3" />
			<text character="Valdis" say="Give me a break." timer="1.2" disablePrevious="true" />
			<gotoContainer />
		</option>
		<option choice_text="Have you seen Adal's map?">
			<text character="Ulfr" say="Hey Valdis." timer="1.3" />
			<text character="Ulfr" say="Have you seen Adal’s map?" timer="1.7" />
			<text character="Valdis" say="A map?" timer="1.2" />
			<text character="Valdis" say="I’m not sure." timer="1.4" />
			<text character="Valdis" say="But I did see Brynja playing with a piece of paper earlier…" timer="2.4" />
			<text character="Valdis" say="Perhaps that was it?" timer="1.6" />
			<text character="Ulfr" say="It must have been!" timer="1.3" />
			<text character="Ulfr" say="Thank you, Valdis." timer="1.4" />
			<text character="Ulfr" timer="1.0" />
			<text character="Ulfr" say="Oh crap." timer="1.2" />
			<text character="Ulfr" say="That means I have to wake her up." timer="1.8" />
			<text character="Valdis" say="Yeah, right." timer="1.3" />
			<text character="Valdis" say="Like you could do that." timer="1.5" />
			<text character="Valdis" timer="0.8" />
			<text character="Ulfr" say="Well, I have to try." timer="1.4" />
			<gotoBaseContainer />
		</option>
		<option choice_text="Almost anything?" disabled="false">
			<text character="Ulfr" say="Almost anything?" timer="1.4" />
			<text character="Valdis" say="Well, I once spilled some water on her." timer="2.2" />
			<text character="Valdis" say="Accidentally." timer="1.2" />
			<text character="Valdis" say="That sure woke her up." timer="1.5" enable="Just some water?" disablePrevious="true" />
			<gotoContainer />
		</option>
		<option choice_text="Great... I'll see you later." disabled="false">
			<stopConversation />
		</option>
		<stopOption />
	</option_container>
	<stopConversation />
	<mall info="Endast Mall Efter Detta!" disabled="true">
		<useText useText="Why would I use Brandr?" />
		<lookText lookText="That's Brandr" />
		<text character="Ulfr" default="false" disabled="false" disablePrevious="false" timer="2.2" say="hej" />
		<text character="Brandr" disablePrevious="false" timer="" say="DUrr" />
		<text character="Valdis" />
		<text character="Alfr" />
		<text character="Brynja" />
		<text character="Dagny" />
		<text character="Finnr" />
		<text character="Guard" />
		<text character="Leifr" />
		<text character="Mailman" />
		<text character="Miner" />
		<text character="Priest" />
		<text character="Princess" />
		<text character="Valdis" />
		<text character="Yngvarr" />
		<option_container disabled="false">
			<option disabled="false" choice_text="do you even?">
				<text character="Brandr" disablePrevious="false" timer="3.3" say="hej!" />
				<option_container disabled="false">
					<option disabled="false" disablePrevious="false" choice_text="What do you want!?">
						<text character="Ulfr" disablePrevious="false" timer="2.5" say="durr" />
						<text character="Brandr" disablePrevious="false" timer="2.4" say="murh" />
						<option_container disabled="false">
							<option disabled="false" disablePrevious="true" choice_text="Disable Previous">
								<text character="Ulfr" disablePrevious="false" timer="2.4" say="Disable Previous" />
								<gotoBaseContainer />
							</option>
							<stopOption />
						</option_container>
					</option>
					<option disabled="false" disablePrevious="false" choice_text="back">
						<gotoBaseContainer />
					</option>
					<stopOption />
				</option_container>
			</option>
			<option disabled="false" disablePrevious="false" choice_text="NOPE">
				<text character="Ulfr" disablePrevious="false" timer="2.5" say="NUHU">!</text>
				<option_container disabled="false">
					<option disabled="false" disablePrevious="false" choice_text="durr">
						<text character="Brandr" disablePrevious="false" timer="2.5" say="disable" />
						<gotoContainer />
					</option>
					<option disabled="false" disablePrevious="false" choice_text="back">
						<gotoBaseContainer />
					</option>
					<stopOption />
				</option_container>
			</option>
			<option disabled="false" disablePrevious="false" choice_text="jimmie had a little farm that was brown and red and green, why was it brown and red and green?">
				<text character="Brandr" disablePrevious="true" timer="3.3" say="Never Happened" />
				<gotoContainer />
			</option>
			<option disabled="false" disablePrevious="true" choice_text="exit conversation">
				<stopConversation />
			</option>
			<stopOption />
		</option_container>
		<option_container disabled="true">
			<option disabled="false" disablePrevious="false" choice_text="hello">
				<text character="Ulfr" disablePrevious="false" timer="2.5" say="hello" />
				<text character="Brandr" disablePrevious="true" timer="2.5" say="hi!" />
				<gotoContainer />
			</option>
			<stopOption />
		</option_container>
	</mall>
</conversation>
