<?xml version="1.0"?>
<conversation>
	<useText useText="Why would anyone want to use Him?" />
	<lookText lookText="Seems like they are fighting over something." />
	<text character="Ulfr" say="Bee boo baa beeee daaa" timer="5" turned="true" />
	<text timer="2.2" />
	<text character="Ulfr" say="Damned." />
	<text character="Ulfr" say="Nothing I do today seems to work." timer="3" />
	<text character="Ulfr" say="There has to be some other way of waking her up!" timer="4" />
	<text character="Valdis" turned="false" say="You Know..." timer="2.2" />
	<text character="Ulfr" say="Yes?" timer="1.3" turned="true" />
	<text character="Ulfr" say="Do you know of another way?" timer="2.2" />
	<text timer="3" />
	<text character="Valdis" say="You could hit her with it." timer="2.2" turned="false" />
	<text timer="3" />
	<text character="Ulfr" say="What?" timer="1.5" turned="true" />
	<text character="Valdis" say="The flute." timer="3" turned="false" />
	<text character="Valdis" say="Hit her with it" timer="3" />
	<text character="Ulfr" say="No!" timer="1" turned="true" />
	<text character="Ulfr" say="Of course not!" timer="1.5" />
	<text character="Ulfr" say="I'm not going to do that!" timer="2" />
	<text character="Valdis" say="What, afraid of getting hit by a girl?" timer="3" turned="false" />
	<text character="Ulfr" say="Yes!" timer="2" turned="true" />
	<text character="Ulfr" say="Very much so!" timer="2.2" turned="true" />
	<text timer="2" />
	<text character="Valdis" say="Right." timer="1.3" turned="false" />
	<text character="Valdis" say="Yeah." timer="2.2" turned="false" />
	<text character="Valdis" say="That's actually pretty fair." timer="3" />
	<text character="Valdis" say="Alright, I'll help you out." timer="3.3" turned="false" />
	<text character="Valdis" say="Hand it over." timer="3" turned="false" />
	<stopConversation />
	<mall info="Endast Mall Efter Detta!" disabled="true">
		<useText useText="Why would I use Brandr?" />
		<lookText lookText="That's Brandr" />
		<text character="Ulfr" default="false" disabled="false" disablePrevious="false" turned="true" timer="2.2" say="hej" />
		<text character="Brandr" disablePrevious="false" timer="" say="DUrr" />
		<text character="Valdis" />
		<text character="Alfr" />
		<text character="Brynja" />
		<text character="Dagny" />
		<text character="Finnr" />
		<text character="Guard" />
		<text character="Leifr" />
		<text character="Mailman" />
		<text character="Miner" />
		<text character="Priest" />
		<text character="Princess" />
		<text character="Valdis" />
		<text character="Yngvarr" />
		<option_container disabled="false">
			<option disabled="false" choice_text="do you even?">
				<text character="Brandr" disablePrevious="false" timer="3.3" say="hej!" />
				<option_container disabled="false">
					<option disabled="false" disablePrevious="false" choice_text="What do you want!?">
						<text character="Ulfr" disablePrevious="false" timer="2.5" say="durr" />
						<text character="Brandr" disablePrevious="false" timer="2.4" say="murh" />
						<option_container disabled="false">
							<option disabled="false" disablePrevious="true" choice_text="Disable Previous">
								<text character="Ulfr" disablePrevious="false" timer="2.4" say="Disable Previous" />
								<gotoBaseContainer />
							</option>
							<stopOption />
						</option_container>
					</option>
					<option disabled="false" disablePrevious="false" choice_text="back">
						<gotoBaseContainer />
					</option>
					<stopOption />
				</option_container>
			</option>
			<option disabled="false" disablePrevious="false" choice_text="NOPE">
				<text character="Ulfr" disablePrevious="false" timer="2.5" say="NUHU">!</text>
				<option_container disabled="false">
					<option disabled="false" disablePrevious="false" choice_text="durr">
						<text character="Brandr" disablePrevious="false" timer="2.5" say="disable" />
						<gotoContainer />
					</option>
					<option disabled="false" disablePrevious="false" choice_text="back">
						<gotoBaseContainer />
					</option>
					<stopOption />
				</option_container>
			</option>
			<option disabled="false" disablePrevious="false" choice_text="jimmie had a little farm that was brown and red and green, why was it brown and red and green?">
				<text character="Brandr" disablePrevious="true" timer="3.3" say="Never Happened" />
				<gotoContainer />
			</option>
			<option disabled="false" disablePrevious="true" choice_text="exit conversation">
				<stopConversation />
			</option>
			<stopOption />
		</option_container>
		<option_container disabled="true">
			<option disabled="false" disablePrevious="false" choice_text="hello">
				<text character="Ulfr" disablePrevious="false" timer="2.5" say="hello" />
				<text character="Brandr" disablePrevious="true" timer="2.5" say="hi!" />
				<gotoContainer />
			</option>
			<stopOption />
		</option_container>
	</mall>
</conversation>
