<?xml version="1.0"?>
<conversation>
	<useText useText="Why would anyone want to use Him?" />
	<lookText lookText="Seems like they are fighting over something." />
	<text character="Ulfr" disabled="false" default="false" say="What's going on here, Br-" timer="1.2" turned="false" />
	<text character="Brandr" disabled="false" default="false" disablePrevious="true" say="YNGVARR!" timer="1.0" turned="true" />
	<text character="Brandr" disabled="false" default="false" disablePrevious="" say="Where is my father's map?" timer="2.2" />
	<text character="Brandr" default="false" disabled="false" say="Have you found it yet?" timer="2.0" />
	<text character="Yngvarr" default="false" disabled="false" say="I'm sorry Brandr. " timer="2.0" turned="false" />
	<text character="Yngvarr" default="false" disabled="false" say="I've checked the supplies and everything." timer="2.3" />
	<text character="Yngvarr" default="false" disabled="false" say="I just can't seem to find it." timer="2.0" />
	<text character="Yngvarr" default="false" disabled="false" say="It's like Adal's map has just vanished." timer="2.4" />
	<text character="Brandr" default="false" disabled="false" say="Idiot" timer="1.3" turned="false" />
	<text default="false" disabled="false" timer="1.6" />
	<text character="Ulfr" default="false" disabled="false" say="Lost, brandr?" timer="1.7" turned="false" />
	<text character="Brandr" default="false" disabled="false" say="Shut." timer="0.8" turned="true" />
	<text character="Brandr" say="Your." timer="0.8" turned="true" default="false" disabled="false" />
	<text character="Brandr" default="false" disabled="false" say="Face." timer="0.8" turned="true" />
	<text character="Brandr" default="false" disabled="false" say="You have no right to question me, worm." timer="2.5" turned="false" />
	<text character="Ulfr" default="false" disabled="false" turnedPlayer="true" say="Rather be a worm than a nitwit. " timer="2.1" />
	<text character="Ulfr" default="false" disabled="false" timer="1.3" turned="false" />
	<text character="Brandr" default="false" disabled="false" say="What was that?!" timer="2.1" turned="true" />
	<text character="Ulfr" default="false" disabled="false" say="uh..." timer="2.1" turned="false" />
	<text default="false" disabled="false" timer="1.0" />
	<text character="Brandr" default="false" disabled="false" say="*sigh*" timer="1.3" turned="false" />
	<text character="Brandr" default="false" disabled="false" say="My father was a fool to let you join this Journey." timer="2.6" />
	<text character="Brandr" default="false" disabled="false" say="How much did you owe him again?" timer="2.5" turned="true" />
	<text character="Ulfr" default="false" disabled="false" say="My own weight in gold..." timer="2.5" turned="false" />
	<text character="Brandr" default="false" disabled="false" say="Hah!" timer="1.2" turned="true" />
	<text character="Brandr" default="false" disabled="false" say="Even with such a small amount, you wouldn't be able to get it!" timer="3.5" />
	<text character="Brandr" default="false" disabled="false" say="Thus, i wonder what he'll do with you when you return empty handed." timer="4.5" />
	<text character="Brandr" default="false" disabled="false" say="Perhaps sell you as a thrall?" timer="2.8" />
	<text character="Brandr" default="false" disabled="false" say="That would be quite the experience, wouldn't it?" timer="3.0" />
	<text character="Brandr" default="false" disabled="false" say="Ha-Ha!" timer="1.3" />
	<text character="Ulfr" default="false" turnedPlayer="true" disabled="false" say="I'll find that map..." timer="1.7" />
	<text character="Ulfr" default="false" turnedPlayer="true" disabled="false" say="So we can get out of this bloody mess." timer="2.0" />
	<text character="Brandr" default="true" disabled="true" say="Have you found the map yet?!" timer="2.1" />
	<option_container>
		<option choice_text="I found the map." disabled="true">
			<text character="Ulfr" default="false" disabled="false" say="I found the map. " timer="2.0" />
			<text character="Brandr" default="false" disabled="false" say="Well, give it to me!" timer="2.0" />
			<text character="Brandr" default="false" disabled="false" say="Now let's see..." timer="2.0" />
			<text character="Brandr" default="false" disabled="false" say="YNGVARR!" timer="1.6" />
			<text character="Yngvarr" default="false" disabled="false" say="Yes Brandr?" timer="1.7" />
			<text character="Brandr" default="false" disabled="false" say="Look at this, what do you see?" timer="2.2" />
			<text character="Yngvarr" default="false" disabled="false" say="I-" timer="1.2" />
			<text character="Yngvarr" default="false" disabled="false" say="Uh..." timer="1.3" />
			<text character="Yngvarr" default="false" disabled="false" say="I see..." timer="1.4" />
			<text character="Yngvarr" default="false" disabled="false" say="I see two lines?" timer="2.0" />
			<text character="Yngvarr" default="false" disabled="false" say="Two lines and an arrow!" timer="2.1" />
			<text character="Brandr" default="false" disabled="false" say="You fool! " timer="1.6" />
			<text character="Brandr" default="false" disabled="false" say="These are no lines!" timer="2.0" />
			<text character="Brandr" default="false" disabled="false" say="These are two coasts!" timer="2.0" />
			<text character="Brandr" default="false" disabled="false" say="One of my father and one of the Angle!" timer="2.4" />
			<text character="Ulfr" default="false" disabled="false" say="And an arrow in between." timer="1.3" />
			<text character="Brandr" default="false" disabled="false" say="You shut your face." timer="1.7" />
			<text character="Brandr" default="false" disabled="false" say="I will lead this vessel to its destination." timer="2.4" />
			<text character="Brandr" default="false" disabled="false" say="Even if it's the last thing i'll ever do!" timer="2.4" />
			<text character="Brandr" default="false" disabled="false" say="Now let's see..." timer="2.0" />
			<text character="Brandr" default="false" disabled="false" say="..." timer="1.7" />
			<text character="Ulfr" default="false" disabled="false" say="Maybe it is upside down?" timer="1.7" />
			<text character="Brandr" default="false" disabled="false" say="Uh..." timer="1.7" />
			<text character="Brandr" default="false" disabled="false" say="..." timer="1.7" />
			<text character="Brandr" default="false" disabled="false" say="WHAT did i JUST tell you!?" timer="2.0" />
			<text character="Brandr" default="false" disabled="false" say="You maggot!" timer="1.7" />
			<text character="Brandr" default="false" disabled="false" say="YOU WORM!" timer="1.7" />
			<text character="Ulfr" default="false" disabled="false" say="Rather a worm than a-" timer="1.0" />
			<text character="Brandr" default="false" disabled="false" say="SHUT UP." timer="1.7" />
			<text character="Brandr" default="false" disabled="false" say="I am the leader of this raid!" timer="2.0" />
			<text character="Brandr" default="false" disabled="false" say="My father chose ME to lead us to victory!" timer="2.5" />
			<text character="Brandr" default="false" disabled="false" say="And so i shall!" timer="2.0" />
			<text character="Yngvarr" default="false" disabled="false" say="Um... Brandr-" timer="1.2" />
			<text character="Brandr" default="false" disabled="false" say="Don't dare to question me, Ulfr, or I'll have you thrown in the waters!" timer="3.5" />
			<text character="Brandr" default="false" disabled="false" say="Or maybe you want to swim to shore?!" timer="2.4" />
			<text character="Ulfr" default="false" disabled="false" say="Uh, Brandr." timer="1.0" />
			<text character="Ulfr" default="false" disabled="false" say="I doubt i'd have to. " timer="1.5" />
			<text character="Brandr" default="false" disabled="false" say="Is that?" timer="1.4" />
			<stopConversation />
		</option>
		<option choice_text="Not yet..." disabled="true">
			<text character="Ulfr" say="Not yet..." timer="2.1" />
			<text character="Brandr" say="Well hurry up then!" timer="2.1" />
			<stopConversation />
		</option>
		<stopOption />
	</option_container>
	<stopConversation />
	<mall info="Endast Mall Efter Detta!" disabled="true">
		<useText useText="Why would I use Brandr?" />
		<lookText lookText="That's Brandr" />
		<text character="Ulfr" default="false" turnedPlayer="true" disabled="false" disablePrevious="false" turned="true" timer="2.2" say="hej" />
		<text character="Brandr" disablePrevious="false" timer="" say="DUrr" />
		<text character="Valdis" />
		<text character="Alfr" />
		<text character="Brynja" />
		<text character="Dagny" />
		<text character="Finnr" />
		<text character="Guard" />
		<text character="Leifr" />
		<text character="Mailman" />
		<text character="Miner" />
		<text character="Priest" />
		<text character="Princess" />
		<text character="Valdis" />
		<text character="Yngvarr" />
		<option_container disabled="false">
			<option disabled="false" choice_text="do you even?">
				<text character="Brandr" disablePrevious="false" timer="3.3" say="hej!" />
				<option_container disabled="false">
					<option disabled="false" disablePrevious="false" choice_text="What do you want!?">
						<text character="Ulfr" disablePrevious="false" timer="2.5" say="durr" />
						<text character="Brandr" disablePrevious="false" timer="2.4" say="murh" />
						<option_container disabled="false">
							<option disabled="false" disablePrevious="true" choice_text="Disable Previous">
								<text character="Ulfr" disablePrevious="false" timer="2.4" say="Disable Previous" />
								<gotoBaseContainer />
							</option>
							<stopOption />
						</option_container>
					</option>
					<option disabled="false" disablePrevious="false" choice_text="back">
						<gotoBaseContainer />
					</option>
					<stopOption />
				</option_container>
			</option>
			<option disabled="false" disablePrevious="false" choice_text="NOPE">
				<text character="Ulfr" disablePrevious="false" timer="2.5" say="NUHU">!</text>
				<option_container disabled="false">
					<option disabled="false" disablePrevious="false" choice_text="durr">
						<text character="Brandr" disablePrevious="false" timer="2.5" say="disable" />
						<gotoContainer />
					</option>
					<option disabled="false" disablePrevious="false" choice_text="back">
						<gotoBaseContainer />
					</option>
					<stopOption />
				</option_container>
			</option>
			<option disabled="false" disablePrevious="false" choice_text="jimmie had a little farm that was brown and red and green, why was it brown and red and green?">
				<text character="Brandr" disablePrevious="true" timer="3.3" say="Never Happened" />
				<gotoContainer />
			</option>
			<option disabled="false" disablePrevious="true" choice_text="exit conversation">
				<stopConversation />
			</option>
			<stopOption />
		</option_container>
		<option_container disabled="true">
			<option disabled="false" disablePrevious="false" choice_text="hello">
				<text character="Ulfr" disablePrevious="false" timer="2.5" say="hello" />
				<text character="Brandr" disablePrevious="true" timer="2.5" say="hi!" />
				<gotoContainer />
			</option>
			<stopOption />
		</option_container>
	</mall>
</conversation>
